,0,1,2,3,4,5,6,7,8,9,10,11
0,0.4537406092591552,0.5451647027956186,0.6255952866790316,0.10321242501264896,-1.1850807448800498,-1.6280653772774851,-1.7600465857178726,-1.4725313587699715,-0.7443322229103655,-0.5240953945231224,-0.16517899884562312,0.11666170574669125
1,0.3314354065902253,0.4814583052183604,0.5881224139184382,0.6598595289977226,0.7047963526295791,0.7395450890036,0.7536022726561223,0.7663819460401096,0.7921538302946202,0.7991355724598709,0.7998097505085613,0.8200899403528924
2,0.8298620940349258,0.8351458216572037,0.8347321734307191,0.8434530664266588,0.8483208604731346,0.8402375799368039,0.8371980653444036,0.8229763365410143,0.8111702219663222,0.8308905012278431,0.8409551796225285,0.8427903151245569
3,0.8465046607225956,0.8560064902282047,0.85831926373761,-1.189721666066997,-1.7001910017407609,-1.761202972472575,-1.8037401793209575,-1.3815378903406377,-0.520975892704606,0.11194245940585906,0.31161114393475364,0.4631892227735118
4,0.5786656384422331,0.6565777673776573,0.649582313116501,-0.46981606288094074,-1.461803929073184,-1.7013702419886394,-1.7013199643036523,-1.5633465699525328,-0.8700287207273685,-0.577901658856562,-0.30126926535904497,0.008946336360520066
5,0.2578587485495144,0.4197561589926325,0.5027303366665281,0.3466066980350749,-1.3326679805332018,-1.8875987871807618,-1.7394670151129363,-1.6594455087573725,-0.994443137577201,-0.05454295303156673,0.2570827092169541,0.4104479312220711
6,0.5502762130228922,0.6335688704481182,0.6810104369320578,-0.6310634546824403,-1.4753537651772006,-1.7733016117599192,-1.8110464410893066,-1.4718000469883412,-1.2018568709434228,-0.41213156075554347,0.05624392583745134,0.2857684138513975
7,0.4617615324069634,0.5796849042378802,0.67615406963217,0.723412808170702,0.7594253427173525,0.7883098727424265,0.8030618025874978,0.8030183809504634,0.8047621024797876,0.8392000313466162,0.8466114191835745,0.8591716990330727
8,0.8873010843479188,0.8774270693820155,0.8803340337139953,0.8845619299515448,0.8742070121935253,0.869179243694818,0.8614913285904308,0.8614981846383835,0.8580358804222279,0.8640417784288656,0.8733042992130753,0.8820434750035557
9,0.8842648345402575,0.8829301905387827,0.8873043491326583,0.8886001421957342,0.8897199633613552,0.8597841726501879,0.8489081952477568,0.8488510615148167,0.8264957744901092,0.8596447663418145,0.8639092281684455,0.8709343919707303
10,0.8780757821097385,0.8860199828161702,0.8943066594417671,0.8963886126700953,0.8995492507763282,0.8767528913333256,0.8491321594808807,0.849029318761589,0.8384001590854581,0.8533074926841259,0.8644668534019386,0.8864747673303714
11,0.9099764835163261,0.9156084004310633,0.9245029799751402,-1.6278916907293484,-1.3746498474974085,-1.4837729920632177,-1.4830759605213517,-1.44838435788027,-0.6055201053596889,0.05453676989720833,0.3495982202918058,0.49420141301326603
12,0.6010094987203524,0.6750091096240549,0.7232596897664232,-0.5652522503836777,-1.4688130954302456,-1.6133317302269552,-1.5903251186467335,-1.3465377655416815,-0.6126321124360423,0.1420793608569748,0.3755140815533248,0.4927479308472762
13,0.5987861803128071,0.6681279228287789,0.7152883913466542,-0.5336458693213488,-1.42480640897065,-1.492818404662256,-1.662197069335756,-1.088409845468725,-0.4472345262737915,0.16350451070942112,0.4677484946621123,0.5741520735399844
14,0.6555465307046323,0.7274213108737624,0.7865295856240208,-0.7060411950940735,-1.2238465020773148,-1.5026705455704048,-1.4529299176729653,-1.4419625262978302,-0.7030610995839305,-0.10717911851439794,0.15709410587356926,0.371891802884938
15,0.5303053615326206,0.628865621552509,0.7064212359943886,0.7618500983433201,0.7724061268412882,0.7554351228088331,0.7555356781788072,0.7628762201869199,0.7815498094609828,0.791641912047479,0.8238104890419363,0.8577342143123059
16,0.8688715377331278,0.8843379657184209,0.8957235760186754,0.9017431861212185,0.8791845030072454,0.8227569430065251,0.8191712299272197,0.8260089950854618,0.832846760243704,0.8482048789952669,0.8600332757258053,0.8694534856129291
17,0.8953830589703538,0.9171852914602032,0.6685278589593577,-0.8063337498966983,-1.4399537042476651,-1.5735255158130979,-1.790910228251983,-1.2555488678109827,-0.46897733968138344,0.022838974862175673,0.5027737583035622,0.6473266733400355
18,0.7199818458880451,0.7558236321928241,0.9148702326014801,-0.3221025097382345,-1.4035023826320363,-1.518373180731595,-1.7630449640225563,-1.34208361972169,-0.5699006508956646,0.2056600642217652,0.5041472532434366,0.603569089956058
19,0.6862278894241254,0.7360119389585993,0.8931205631459356,-0.12357192916950177,-1.4431074863059452,-1.7420563158897702,-2.1308216590043685,-1.7886043107905307,-1.0485716361644215,-0.3072728780163651,0.051113316619452155,0.2624761336064767
20,0.4213616168882425,0.5360301615731942,0.6271424681670429,-0.7741880263954171,-1.9031597306842614,-1.9525895510745084,-2.1978235302975975,-1.8247653930428247,-0.6013699109989378,0.17079477503254692,0.596440616121675,0.6708776265608416
21,0.7097341763087153,0.732976995064834,0.7609793802533168,-0.8940294592607435,-1.8784413924651615,-2.0607025712419405,-2.3092073750562183,-2.012143468941697,-0.8490397461161086,-0.20130351550883593,0.14223019391193606,0.31562650268576675
22,0.4384530914775822,0.5341538897834494,0.5951658605152638,0.6367020843625399,0.6664230522378535,0.6895416459346373,0.7068965886524481,0.7169749791430388,0.7244777809527008,0.7290416235399368,0.7354908793141879,0.7405940643403756
23,0.7446611699295086,0.7416270422319283,0.7500302716727225,0.7473084206354677,0.7541347590471218,0.7626591120017485,0.7592082345321812,0.7582163929283453,0.7610616528287502,0.7583672259833065,0.7600241042385623,0.7659157347793202
24,0.7633187617583483,0.7752810962828217,0.7706784027571869,-1.1855326207678467,-1.736059559280403,-2.1104020628516635,-2.2858117643742943,-1.984721562479884,-1.325805076532466,-0.5637987682176878,0.07653097172973575,0.2654927947057011
25,0.4048145451542011,0.50447634354517,0.5778749075783455,-0.9537570636760698,-1.4624918192177796,-2.095126788012863,-2.33522330197,-1.622777078956572,-0.506127978188196,0.029948696589211527,0.9120249727010753,0.9084209768272291
26,0.9122417544077729,0.9111314011178959,0.9255085336748816,-0.4215609120399374,-1.149401248056681,-1.6090695537496418,-1.7761742958521354,-1.4283875513513205,-0.3409794951015631,0.46631786598929836,0.7269870945034194,0.7666904681979849
27,0.8040569089760732,0.8264889184421569,0.8686947496394879,-0.5225047913980767,-1.2900873520477851,-1.4841957816869726,-1.7457631524829083,-1.5559694623553386,-0.7122070675529428,0.07123810271018736,0.3013499254987554,0.4826032652264751
28,0.6208755506204885,0.7225740849711448,0.9053928889814168,-0.6162292522619357,-0.8935632479999546,-1.1972884576575515,-1.780306207418346,-1.4613697127028409,-0.5011002096894885,0.18091658716017206,0.39047397818629703,0.49633364392658164
29,0.5648400912669724,0.6151283868044498,0.6480031367380434,0.6675931510884616,0.6879967497959434,0.6852520452655128,0.705651073274359,0.7132909960430768,0.726500315098772,0.7271402129076981,0.7246240433090267,0.7269391021677499
30,0.7344745518248061,0.7389280446878493,0.7414922066221901,0.7473335594779612,0.7437112808095743,0.742340071219018,0.7437615584945616,0.743932959693381,0.7469336233473826,0.7518836899692914,0.754178180684156,0.7573365334410713
31,0.7557973506756716,0.7654815184089774,0.7987653458704204,-1.0459960474834928,-1.5144949429396377,-1.59490724402851,-1.6114988800742442,-1.229249067864108,-0.5256654295043095,-0.08098444463613241,0.3227727900018841,0.4974740332360611
32,0.6201652967004276,0.7094676066347416,0.7923503703359335,0.0035369145257743567,-0.9904414909220935,-1.399103085195667,-1.7176076488901466,-1.6377918239731666,-1.2455367524506018,-0.7422091333943202,0.06980747403737331,0.2756466017237724
33,0.4187142029430465,0.5241646279162447,0.6231408215119354,-0.7174816537779503,-1.7646081429557905,-2.0391425857797563,-2.4534878438061876,-2.121266613507507,-0.9386029123511023,-0.15759849515916297,0.25021523451758326,0.41659323553708205
34,0.5275267032408998,0.609156769037576,0.6715696589010758,-0.46669427571310684,-1.6177653079030876,-1.8293018114382493,-2.3485080375531764,-1.7904508730391469,-1.1239835929463975,-0.1780112352639151,0.2598159870007968,0.4230310645647451
35,0.5397758491047313,0.6239864007594453,0.682388502570567,-0.7563554456702289,-1.3751046320116096,-2.002860380013629,-2.259244578557261,-1.8443234125027965,-0.9114621038553525,-0.3108380229518122,0.1202337067300911,0.33419268054190276
36,0.4837763023833489,0.5886914658985193,0.65628067196637,0.7056716414182177,0.7307144992404155,0.7561070155082057,0.7651569988058791,0.7801466049799799,0.7763803493045848,0.7918864444244617,0.7976181005129883,0.8022779277715628
37,0.8054976584815793,0.8180354113163752,0.8173132409320155,0.8160265892662101,0.8178502980216503,0.8220576261153416,0.8260775555649899,0.8349058599788562,0.8258375938866422,0.8412134240954168,0.8372620551252961,0.8389874938600799
38,0.8335677879534051,0.8387475321817327,0.8650381907313371,-0.9020167551257355,-1.3356663588378852,-1.3211338225273033,-1.5581953925906755,-1.076731710455818,-0.20442987337530497,0.2395083729646541,0.5941580214662048,0.694009503850534
39,0.7635104046225524,0.7948665399346045,0.9592128654107621,0.2636736566488959,-0.6929210046617645,-1.092013841342571,-1.4916574472089181,-1.025315921508582,0.03509301790311626,0.4480579249417199,0.6221535506067345,0.6979997237590536
40,0.7520621104553009,0.7985870886236481,0.940100489067721,0.18697276285179673,-0.9928502491028378,-1.1565749595646095,-1.8678785079192408,-1.6184874782874474,-0.5717974908292677,-0.033780554481222476,0.49399116087604755,0.5994303223418948
41,0.6777241046133572,0.7144405267498267,0.8713046185601805,-0.2626834274807832,-1.4862388839769018,-1.3414025856250469,-1.9417387125145704,-1.264418308512566,-0.17129002292087028,0.32651619218410344,0.7345675981898796,0.8027075734432707
42,0.8190104392788036,0.8227295188147143,0.9778270356025673,0.2916600443921555,-0.6799265084419234,-1.1514534917438808,-2.184090866248173,-1.8775958132176516,-1.238123079264326,-0.48436688198606337,0.19723398128779512,0.3643204405957481
43,0.48628594241254136,0.5673188790803775,0.6318639998571927,0.6791547332861712,0.7142942643935009,0.7360942115340328,0.7507227325159536,0.7639114834277905,0.7683313490080174,0.7663705192935217,0.7688478379537939,0.7701527724141402
44,0.7795132367405324,0.7763597811607262,0.7931708107409495,0.7861730711304759,0.7952413372226902,0.7974832649032503,0.7939044078718976,0.7988773279869825,0.7999857224060158,0.7991767087475876,0.8064395488789022,0.806067036940134
45,0.8091114487096436,0.8041930504997067,0.8253119635435955,-1.1719987821090532,-1.7187571795968966,-1.4805117985870104,-1.6014867647138638,-1.0544564106572265,-0.42066734045675813,0.21594870684957465,0.7894891129903056,0.8253439584340418
46,0.8250083385628297,0.8332672645181414,0.8491161620356578,-0.23255338207762016,-0.8394851903369577,-1.0580125774346405,-1.4796273684011017,-0.9231562363134825,-0.21557552199721222,0.3456870081739802,0.5384800560416552,0.6356828185668928
47,0.7110696365063751,0.7563995402208579,0.9127596086271674,0.17193516434202655,-0.6899569065968446,-1.0860262261304743,-1.1792456247951448,-0.8342150115713484,0.009110881511386858,0.49043058663923567,0.5988109926768268,0.6798289113348616
48,0.7396593564694798,0.7840796911555594,0.80953848255356,0.8155878021972318,0.8196351558386916,0.8365558821861596,0.8315212576394994,0.8335757866760166,0.8379545159685272,0.8537919867394553,0.8593568123277974,0.863888660024587
49,0.8721498713292163,0.8857914478844104,0.8860816872477448,0.8715720044303389,0.8707515640253225,0.900152582996173,0.9089877434579925,0.8998851971260147,0.9001754364893494,0.9078999171828179,0.9213194883757311,0.9271494144849141
50,0.9434568510190824,0.9398239618002922,0.9407266747807417,0.9355069369393566,0.9559219623934264,0.9615873433517423,0.9480649314395372,0.9285937552536341,0.919013570914279,0.9398948076291378,0.9328947826693463,0.9270420030669875
51,0.9254411158700125,0.9078085032101139,0.9045495950832244,0.9025479555594859,0.9021499782997504,0.9015854970183045,1.131244820641989,1.2820595928086707,1.1302004160038484,1.0582324806434869,1.0091980256851842,0.9767574921219334
52,0.9493045702050952,0.9298872629673925,0.7897473574631938,-0.36729072179502603,-0.8145404392961791,-1.187710558667514,-1.7407856616691881,-1.2330061821422325,-0.4040025732328605,-0.04807769981209222,0.19903255120074195,0.37767145130913393
53,0.5185697663083001,0.6146073271600382,0.5717661688524159,-0.14845138451549186,-0.6813571371147374,-1.1040050692119883,-1.6114348902933515,-1.0082946397911396,-0.2788522739027626,0.22793307867103907,0.4238675024149846,0.08410919006687828
54,0.3328763193349684,0.4917675159900282,0.6011694731725838,-0.14985573167115365,-0.9981705423141971,-1.391534008255795,-1.6410210225589275,-1.0584100649766648,-0.28672758765119255,0.09866000917200116,0.048119509013403644,-0.38838678134573884
55,-0.012390174586250961,0.2454639932863049,0.43086524202545845,-0.18312813238600864,-0.9569725501659252,-1.3339500615003719,-1.3883893675947854,-1.2431188528725874,-0.4618104842214078,0.2861889181258349,0.41665722531797456,0.2560931529624358
56,0.4599916925997234,0.5864038312316074,0.6891417098040582,-0.4737879999949195,-0.8324690046927063,-1.0830141357298848,-1.2003851059828918,-1.2500823122432971,-0.33339442071646763,0.09091496033467422,0.3084802153696495,0.4777560393238577
57,0.6059195717292036,0.6728951615052804,0.7321954055982166,0.7741612751172005,0.8062864304746233,0.8186227460909973,0.824626358748317,0.8234539745483918,0.8317886435096579,0.8421549880142655,0.8477700912875944,0.8765870402685626
58,0.8795116344381354,0.8810402066531319,0.8941992480238398,0.895037971223397,0.8722964601640162,0.8603897902193502,0.845610436182468,0.8477700912875945,0.8470502062525523,0.8451553251897929,0.8535611664583789,0.8541256477398247
59,0.8588700329231503,0.8672206993296396,0.8718279635539095,0.8813235899685141,0.8638406676889175,0.8567400873591523,0.8580061708810997,0.8683953688788829,1.008290742006099,1.278796113983146,1.1638156191163427,1.0856406750093952
60,1.0150039556265322,0.9732129153303446,0.9620878348522958,-0.11645535139451313,-0.9080592187214547,-1.1482722854937895,-1.543322339231772,-1.048569350815104,-0.18888264196771107,0.31478549413689205,0.5216004659819039,0.6247611341781096
61,0.7050599839972872,0.7393805438527333,0.7949351004141326,0.020240532688071036,-0.9051705371840157,-1.7410530475393462,-2.389669464112367,-2.0295875402828947,-0.8491909056495438,-0.3381136670572999,-0.0189166425195893,0.1984954941111072
62,0.36152088768169505,0.48870514790445196,0.5919755128679023,-1.5579302920698344,-2.269681768890714,-1.9641785574640285,-2.3541130199938136,-1.935568269357066,-1.0074513458929475,-0.3617053280628256,0.07981958939775384,0.2877566677577046
63,0.4426718463178613,0.5552979416698316,0.6484213556631633,-0.7627498530608577,-1.3918219622698118,-1.68363364593479,-2.1515589187122184,-1.667044295238373,-0.9251879118568238,-0.2734177132255234,0.10839559726495271,0.3032147705419122
64,0.4455670574247793,0.5604399776344188,0.6441820326790259,0.6913082209571375,0.7377099535015718,0.9682217124207189,1.1950152080001397,1.0999149668470891,1.0185291069489215,0.6045860704023874,-0.038145571677827714,0.21609725455521828
65,0.38719156360928375,0.5111564196004981,0.6144656355023475,0.6742480883012963,0.7244389300143017,0.8358062876099885,-0.2005676330285707,-0.19128225875118507,0.39704435747438055,0.5643159300770586,0.6579581183654843,0.7178296997878192
66,0.7486727741780715,0.7795912650958045,0.7974878356018854,0.8157157817590173,0.837842533851965,0.8697391542776286,0.8594093753621023,0.8537188555612925,0.8453590477575328,0.861495899289066,1.1922110843874516,1.1358063778799072
67,1.0891635409824665,1.0530858739802647,1.0583924550957184,0.07226193920446955,-0.7212136292135817,-1.1877105586675138,-1.8492780498233412,-1.491476904612828,-0.7913281462773741,-0.27012909555750525,-0.40352264987616576,-0.10487091570362779
68,0.18635653473223124,0.3947590081567863,0.5454663689055409,0.06351362201671881,-0.6690665284847154,-1.389138962170956,-1.900846957174856,-1.5093871872148144,-0.9261660413647543,-0.07631090528165202,0.5731945121759122,0.6629538919737454
69,0.7368748215652279,0.7572336927217798,0.8075822235376992,-0.21594803393598025,-0.6589355749598199,-1.093298207659059,-1.6076709199672738,-1.1807648923736338,-0.3984148941513424,-0.07349764027169339,0.2202063126282528,0.27176836393181497
70,0.44631028567070824,0.5550145583544499,0.6654334959833351,-0.14147992642217042,-0.9894313665237169,-0.9722981026897124,-1.3896714485619557,-0.871607897105826,-0.3918125199728127,-0.07672683885745424,0.18309681040915693,0.37604656794432434
71,0.5245622786975062,0.6314594930279785,0.711295886088817,0.7430165346170255,0.7675520448907178,0.7850441085675847,0.8011375384620832,0.8058522141042803,0.8120820763440424,0.8183896404606026,0.821511427628436,0.8259152957634406
72,0.8282543507899984,0.845322482168451,0.8578004894425156,0.8610593975694051,0.8516094781411533,0.8406603695605589,0.8880082367224771,1.5798520356377932,1.3709025475301484,1.219489013842257,1.1127746274571921,1.0734986140850167
73,1.0338558021473676,0.9843882734933806,0.9656986867740945,0.06612349093741128,-0.6306223822641445,-0.9817411660700117,-1.717481954677679,-1.212399187345485,-0.2283140590934827,0.22020859797757047,0.5195665050892451,0.21781126654341398
74,0.43705021347505324,0.5622819691843998,0.6678696783558906,0.15809508887467555,-0.23538712000854883,-0.6333579453973048,-1.0811332932415048,-0.6693636238960027,0.04111262800565953,0.4767413442268459,0.6264362952279063,0.7131241655428926
75,0.7715406324068678,0.7860108113289268,0.8434370689814358,0.36351828298527245,-0.27943503797874913,-0.880760721122791,-1.5746201981362256,-0.9623042701238725,-0.5338035584242627,-0.04573064606292306,0.4250467426628632,0.6384320937959586
76,0.732205689670146,0.7944506063588024,0.7932667954122887,0.10883209898461316,-1.224694366674142,-1.3749378015114253,-1.6847991740867634,-1.3470999614738095,-0.8079060702272031,-0.3387192846264623,0.4754364097664996,1.0231032336080865
77,0.9778681718902841,0.9650862131569793,0.9796347469127845,0.14748878269172053,-0.5129771700930261,-1.5015118734663848,-1.8016010923596892,-1.478358999529837,-0.9800202980338634,-0.47809359810926705,-0.0760206659183176,0.19725683478097097
78,0.3910939608083128,0.5498862344857683,0.6666927234573294,0.728036069840195,0.7736950638564113,0.7724312656837816,0.7875557074676206,0.7954058823735568,0.8222427394100665,0.8287057072802232,0.8395611165387961,0.8543084756852323
79,0.8762855373978774,0.8844065261979486,0.9033155064517234,0.8966742813347945,0.8700293936409627,1.1014667190337355,1.5448701936333775,1.353026545167926,1.2198980913701063,1.119927770821262,1.0517855102185536,0.9925195463653811
80,0.9574324150531192,0.9378402785926202,1.096208130253951,-0.743219257792697,-1.228659447740168,-1.5250623981841933,-2.10256788539095,-1.4392292485139875,-0.8866180714237852,0.014991085305556894,0.31178483048289085,0.47046577500073194
81,0.5823618644849679,0.7179645353975574,0.8168150347807802,0.6277343736402998,-0.21287652445313332,-0.5636547912106793,-1.1789828096236212,-0.7173605302641177,-0.9507198344329871,-0.3147208314424048,0.22258993196650378,0.40518020104501623
82,0.5474283412946956,0.6622774285757373,0.842952574926106,0.42563407743748494,-0.1212842945025899,-0.6376566874636995,-1.2966760141304092,-0.7964541847967381,-0.000718405903586225,0.3930358547713202,0.780388852007645,0.8224301380541092
83,0.8519069000309143,0.8766111996756343,0.9722919195553539,0.7932645100629712,-0.13483413060660648,-0.7403465737004812,-1.316110624727231,-0.9894473639689396,-0.18244252759073032,0.4819153750818792,0.6668709807041018,0.7137000735709262
84,0.7635379920536005,0.8109736819250091,0.9045244562407311,0.7368460914595211,-0.011612666100558007,-0.9168806670873685,-1.075684367511412,-0.597210575240916,0.0722619392044696,0.4648849519671667,0.560421694839878,0.6421549278343197
85,0.7176023075307185,0.7782543357450119,0.8088483070596463,0.8424178031857888,0.8516917507165864,0.8600332757258058,0.8647730902104962,0.868130268358042,0.8657512197184262,0.867830887597437,0.8702099362370529,0.889180620922403
86,0.9089111842558533,0.9172986920694454,0.9190563621101221,0.9208140321507987,0.9225717021914751,0.9243293722321518,0.9260870422728285,0.927844712313505,0.9135241224508428,0.8679542964605872,0.8631893431334035,0.8614616190493021
87,0.8781023901053645,0.893038290570502,0.914522859505206,0.1533598450886202,-0.6035455635492872,-0.9473306613949947,-1.3749560843059658,-1.036722263191932,-0.6743502561069933,0.03767089193336261,0.4350382898793854,0.5808595737871236
88,0.6761101582774245,0.7454321488457227,0.7963590362782309,0.3558966430110955,-0.11000838096957972,-0.6499267279498633,-1.78646750917858,-1.625631480254247,-0.6615111636407488,-0.989721605887051,-0.9344595740383038,-0.4133907882295379
89,-0.031363307860155634,0.24640784255447118,0.4267950348908228,0.27249281966549244,-0.5030953196437484,-0.9313217894252469,-1.6290617895799562,-0.7430638540391006,-0.1395762304406145,0.3961942075282355,0.604757471601207,0.6675451587527922
90,0.7235068339711972,0.7724426924303696,0.8163419674720382,0.4788827165374317,-0.1341622379072336,-0.7470220790571738,-1.1304282780220132,-0.5951217659646347,-0.010572832161052727,0.3477790822350007,0.5900192538520415,0.6821234020497261
91,0.7480591578862974,0.8061173146251213,0.8441272444753494,0.7016997043042387,-0.1455935551938402,-0.410399265972807,-0.6568010586971869,-0.26886758273419314,0.32632879354006084,0.42320246576356463,0.5221375230715386,0.6132612564119754
92,0.6927617031231276,0.756426964412669,0.8068097754683524,0.8425937750832435,0.8514769278807328,0.8560796214063671,0.8573205660858214,0.8586072177516265,0.8675475042820554,0.8656506643484523,0.8709389626693654,0.8919116133569283
93,0.9155199247646251,0.9144565843749957,0.9216120130883834,0.9207824312860966,0.9243292934270031,0.9224873018770219,0.9237579560976046,0.908658653156259,0.9112205297412822,0.9028835754306984,0.9044787492543792,0.9106423363639309
94,0.9076622408537879,0.9164745478224317,0.9136544267645201,1.4277163315655421,0.7488350339796207,0.3523497808701892,-0.16572519733252822,0.10570117041950902,0.5607165049018477,0.6683153214728214,0.7318868834403415,0.7903712578268969
95,0.8218965089884508,0.8442332275499529,0.8719993647527291,1.131921284039997,0.7635595396328806,0.3858027241811343,-0.04973000736871306,0.3041974707484778,0.7288199446561301,0.7985825179250129,0.8135904068936545,0.8422532580349221
96,0.8673543922647189,0.8890412146140295,0.8883076174830822,1.3925905125541178,1.3411861503534699,0.44646275111803924,-1.1641280390592585,-0.8131943685481162,0.20049746011331976,0.5318593990685847,0.9420773162274403,1.2304404077721687
97,1.1290497426224397,1.0652279349046432,1.0307740085925918,1.359496369086035,1.046398941876984,0.48104008629324063,0.1631091452774773,0.32063827373925097,0.7025178593599376,1.0320560895597621,0.9949694408338422,0.9820549318401169
98,0.9706575683148003,0.9460012610057493,0.9396388485055671,1.0940530458474598,1.3200352424191348,0.7690055270567077,0.13609174564487778,0.4123264883611335,0.7691952110500679,0.9281275439928446,1.140932416399271,1.1471988442281145
99,1.0834784080764772,1.0318275546280027,0.9980158114741952,0.9709846997456899,0.9546627349194318,0.931928079908004,0.9276887569238665,0.9271494144849143,0.9191552625719696,0.9188947327497636,0.9264798071348591,0.9252617159485814
100,0.9316161297261526,0.9324567746967265,0.9328019623278317,0.9287697271510885,0.9377168697294702,0.927517355725047,0.9141092112787212,0.9021682610942912,0.898456853802518,0.8961737898342415,0.8947125105941088,0.9169041934941391
101,0.9190238549862079,0.9096482094107774,0.9217308512528984,1.5789630347532488,0.024971205775491112,-0.6606290188041574,-0.7220244008330235,-0.24554687845713485,0.18280828505781066,0.3555998164644339,0.5901168975990869,1.0477998610086692
102,0.9873729397021586,0.9331880691651043,0.8962720598548979,0.9344145399655466,-1.2379653901614123,-1.0448647995712832,-0.9528977723326545,-0.5434749934970847,-0.17439423401626128,0.0894431953741434,0.2929003361146614,0.8592255679812728
103,0.8788155823316911,0.8509535828870036,0.8322479987224944,1.1117736444560857,-1.0811607174333155,-0.6200823512113995,-1.2848725113835087,-0.7240703158605746,-0.42039081318932914,-0.09544842046718653,0.14594617190234432,0.31804897296241674
104,0.9125114256272491,1.1335726121611958,1.0323600410190021,1.2217506934704905,-0.9080432212762315,-0.418929903638057,-0.49693401788351443,0.28451604242535583,0.7014071795915866,0.7352326348412997,1.2575972137131417,1.156209976587389
105,1.0752834719020579,1.019516377854122,0.9919253555428066,1.3102265231480201,0.9018048905527938,0.17923685541174023,-0.36112713468547425,0.23235522960058405,0.5179073414846715,0.5827358455768685,1.176796403240278,1.1577982943631169
106,1.0540271114206394,0.9754936939493036,0.9213857635059416,0.8653124326494482,0.8442620800850874,0.8320377465852755,0.8082106946000378,0.8052031748980838,0.7968525084915941,0.7921675423905257,0.796187471840174,0.8079181698873854
107,0.8102046618796389,0.8052511672337531,0.8001982598925521,0.8043073179655869,0.7973734233627459,0.7984271141714165,0.7901770031349011,0.7925560517745167,0.7917813183558525,0.7866552798364886,0.784219097463933,0.7947317043248665
108,0.796919926296463,0.8039142378829602,0.8496692165705155,0.9630979592506724,-0.26301251778251655,-1.3249434998397327,-1.3366650564896738,-0.30512236430850886,0.25579605755114854,0.41361999607489186,0.7559653238505148,0.7623483044945558
109,0.7622328943540174,0.7703378857088654,0.7936141685085631,1.263593970322509,1.1646246327747711,0.9497149536468401,-0.1085777522967657,0.42718811497344916,0.8072622746332362,0.9561984896608553,1.211764533148788,1.1595077356526775
110,1.0664646353639355,0.9726575754461693,0.9707721622591541,1.4148772390992974,0.5074404416100897,0.4240000526754052,0.1389552883398234,0.5310435293622034,0.899972040400083,1.1063573665733872,1.0206796206567776,0.9889406893340286
111,0.9687884790514821,0.9571651924221976,0.9703196630942705,1.5381672640848734,0.4081511551578888,0.44871382019586975,0.11879165131068914,0.5604536897303243,0.6821028339058679,0.7489561574934535,1.3226176871480162,1.3147423733995864
112,1.2089421267415592,1.1177955399079467,0.9932131498832709,0.4429341717716736,0.6281183123256557,0.2291991621929864,0.2178249786393195,0.6620626057398834,0.8585523693680044,0.8062124682603448,0.8195368858180345,0.8391063320245948
113,0.8657649318143321,0.8826239537302252,0.9019442968611671,0.8997275080231004,0.9006347917021856,0.8870438193104524,0.8748034883654172,0.8712520555258757,0.8682285383786986,0.8711080785188674,0.8819063540445002,0.8967474125129574
114,0.9184776564993028,0.9267243395118416,0.9231683359736652,0.9240093445225399,0.9062453242768794,0.8954584754978346,0.8898433722245056,0.8840134461153226,0.8755119466538717,0.8739579091179075,0.880032367604073,0.8841174295092726
115,0.8830615981245441,0.898591689412256,0.9052626240703138,0.4958560059192045,0.18131880864006875,-0.06805622354650147,-0.16016037174418618,0.20838191525901997,0.42663048973995604,0.7022847537295428,1.1643366787607543,1.0885225004988817
116,1.0460332859861687,1.0151193657670707,0.9775710764789969,0.40534017549724777,0.017500398856275613,-0.40254680571755297,-1.5813436958285878,-1.1174383525008074,-0.14084917001051456,0.25309020395911686,0.4325792540136541,0.7782223408545655
117,0.8523682141145941,0.8665853722193481,0.8701322343602546,0.4640188045757986,-0.15159945320047802,-0.8748942294245265,-1.2609857138375393,-0.6418091671737683,-0.2097044596003125,0.15606112798201663,0.3949418361021937,0.5004518433968865
118,0.5866437929099546,0.6643205308656666,0.7387886383794763,-0.7119533937786896,-1.325686238367951,-1.4836743411510083,-1.6793234771218077,-1.0753193645775447,-0.14814857573091073,0.1072369251609324,0.24058265038316035,0.39374202771045685
119,0.5134471558129124,0.6044718029365077,0.6744423429932918,-0.23466504484707731,-0.7947607409524007,-1.3311002309013318,-1.3511221762727752,-0.6734863940649427,0.012566329679589365,0.5200413729762374,0.7267128525853083,0.7814345625596812
120,0.8248735029530916,0.8635092920378664,0.8634772971474198,0.8774316400806508,0.8858302988228098,0.879458744925357,0.8709549601145886,0.8687655954683335,0.8799043880422879,0.8739007753849679,0.8813304460164668,0.906473859208639
121,0.8977643929592873,0.9061950465918924,0.9208784159574359,0.9331804513340458,0.9092848388692801,0.8910317538696542,0.884047726355086,0.8671544241994291,0.8691312513591481,0.8717822565675578,0.873217455939007,0.8966011501566318
122,0.9220896510957608,0.9252731426951694,0.9376574506472128,-0.046135152892137314,-1.1778424203141418,-1.7252064353711476,-1.9642813981833205,-1.5700723529942129,-1.4470862794678767,-0.7148032243777297,-0.29496170124248483,0.031239918953652256
123,0.2782252919502037,0.4564252417503807,0.5746868452803016,0.4447395977325731,-0.9452989858516535,-1.2451002507309417,-1.5389207564460854,-0.8897581413861597,-0.2689864208987081,0.16581042817087377,0.3723465873991392,0.5185998023279027
124,0.6303285967079721,0.7144222439552861,0.748439668547677,-0.6350879548307234,-1.0613010318634215,-1.3335227011779816,-2.2301086601072515,-1.7801553743633844,-1.4553615293468853,-1.0150204228328197,-0.5353713080561325,-0.17029818131703434
125,0.09794600074948989,0.2912144012752247,0.45604522080671206,-1.0106005572525925,-1.0724398244373763,-1.4343751665634172,-1.8855739676853733,-2.075984702128694,-1.7657576736625402,-1.0910082876428298,-0.0640180113023125,0.03709498390532881
126,0.25778333202203374,0.4236161139900492,0.5421274735525359,-1.637051370794266,-2.010245976051146,-2.2346793587424405,-2.3550966996358005,-1.9905469178904316,-1.6709111062837425,-0.9141656720980667,-0.6550968410632094,-0.09816341545648856
127,0.13777735400584049,0.31564478548030744,0.4440585636359301,0.5377578856572954,0.5954263903374696,0.6364369838416989,0.6561389803086792,0.6809578738977531,0.7026755484628515,0.7069948586731045,0.7141480020371748,0.7220415985801452
128,0.7391170757242619,0.7453453055716545,0.7526675647852265,0.7578713051813883,0.7551883050825327,0.7477380663071754,0.7547769422053661,0.7482248457118231,0.7544341398077267,0.7536068433547574,0.7521762146819434,0.7535245707793241
129,0.7559733225731267,0.760922246520377,0.7707629606819381,-0.6856513084824971,-2.397654474628041,-2.302387402974806,-1.6400588904962197,-0.9270321887561224,-0.32726054314804465,-0.4409589570476777,0.28205472121030684,0.45133283051383266
130,0.5840762029516376,0.690144978154482,0.769517445303849,-0.5933803297846281,-1.381967536012345,-1.740013213599841,-1.9655886179929847,-1.7376044554190966,-0.7592075616185867,-0.7865129152652028,-0.06835788965642384,0.2239017224748029
131,0.404944810065304,0.5514265599258269,0.6606182649711638,-0.40754486467513173,-1.59836497754603,-1.657068745467074,-1.9352940274389543,-1.4947655222808462,-0.6229527499542981,-0.4974322240347497,-0.18400799187328248,0.09586045625794799
132,0.3115319729048226,0.4974146141538038,0.6337539837428431,-0.7906311147355078,-1.163849226442512,-1.6010548336928383,-1.669642737412478,-1.5609218143265653,-0.8425908168203312,-0.8532666629182362,-0.3412857319101206,0.11523238298777308
133,0.3036437632566722,0.4486246915724834,0.5600560389490629,-0.00526853639491647,-0.1345781714830358,-0.6643381407466129,-1.140563802245544,-0.5235400546389468,0.0993867502549961,0.3224756945905969,0.6731579766768037,0.7147467635583843
134,0.7523179063396344,0.7831769781751099,0.8137618080924743,0.836119380466499,0.8531749424237054,0.8636212741544287,0.8777207367693263,0.8801763446110813,0.8846122076365317,0.888268766544683,0.890218169512591,0.8938084532905314
135,0.8993827467546177,0.8995858163654095,0.9047872714122545,0.9100732843838498,0.91177358427614,0.9158849276984922,0.9157592334860246,0.9065401343388491,0.9052854775634898,0.9061493396055403,0.9115793295841444,0.9290371130212469
136,0.9277253225129479,0.9282006751710075,0.9341151592049417,0.28563814894029466,-0.47539231521587055,-0.450424873921153,-0.8895890255366578,-0.5072203751620061,0.007837941941486841,0.33451262944636584,0.7000245432544421,0.7645902321751156
137,0.797679804944563,0.8273344976896663,0.8441478126192078,-0.2778512909016564,-0.9055841854105002,-1.2866364745782175,-1.517753851066527,-1.0234487911161074,-0.4530987326227385,-0.18011604198541953,0.5246491219715747,0.607792415494972
138,0.6778739582328965,0.7315684036890111,0.7808870581588803,-0.606466239977173,-0.948943165784334,-0.9019690892685399,-1.1264427920513658,-0.7301950520317272,-0.34781497491048763,0.054397363588835075,0.3452217763486126,0.48919421265841706
139,0.594759068336732,0.6770179316742204,0.7135423844680123,0.8357011615413792,-0.9374625230416227,-1.4403833499193728,-1.4459367487611268,-0.7392107550896366,-0.36126654099384753,0.18764237020185195,0.5522812805706072,0.6331392247764104
140,0.6990989767808165,0.743702139412304,0.7444517339884749,0.5116180601626521,-0.191147423141447,-0.635666148208075,-0.9309035705001271,-0.4662486325961759,0.08807198578358687,0.17264590797979829,0.34522700000419576,0.4861592687646519
141,0.6007843918125694,0.6804299582053888,0.7409048718475684,0.786719269617381,0.8181336813370318,0.8432953773237449,0.8549163786037116,0.869549470284268,0.8779905288486225,0.8789285438836751,0.8971039270065024,0.9059893651533089
142,0.9083604150703131,0.9084666838135809,0.9045724485764004,0.916234586144084,0.9247817925918868,0.9291262416446332,0.9290256862746591,0.9304700270433787,0.9301866437279971,0.9256068036955383,0.9235295969619461,0.9384992209791934
143,0.941612895651614,0.9531452629725492,1.004174827885112,0.40372671887902634,0.2215043910406464,-0.48880960105946664,-1.2450831106110596,-0.8234830111759256,-0.06991731408720815,0.16841515505560195,0.4501581609645892,0.5481288008605384
144,0.6084127450003666,0.658134090262939,0.701855108057835,0.2941899260867325,-0.26552868738118807,-0.7981766852252564,-1.2615479097696674,-0.8117888787177957,-0.17669944475561597,0.010500373896484266,-0.005156554278354274,0.19494863197020082
145,0.36269600927805634,0.4769058893777126,0.6528595040379314,0.062393800851097476,-0.5299573155227517,-0.982899838174032,-1.535355611510638,-0.9394827718383759,-0.297708691122233,-0.01573315092018058,0.3033404647543799,0.41728569638031315
146,0.5218097889111584,0.5920212198542542,0.678569683860867,0.28648144283848703,-0.3744004435220619,-0.9658922685524955,-1.4765215786784907,-0.9864741245067494,-0.4229686872195755,-0.31180244036383714,-0.11702668872391171,0.14134347837670952
147,0.32553386868346945,0.45717646871892126,0.580023135936884,0.02181456703056408,-0.46639032425386684,-0.8794890874667869,-1.036868362309021,-0.4852581682199251,-0.08298869598766263,0.24247704172820916,0.3909196213032279,0.49364150243045546
148,0.5802039861761515,0.6377076380622814,0.6739647049859145,0.7120066297265889,0.7292084540401211,0.7519019727638321,0.7600858086701376,0.7706418371681054,0.7740744318431321,0.7855811656572191,0.7850326818209964,0.778878236108715
149,0.7849926756510741,0.7880516282695385,0.7932005202820783,0.79687536198477,0.8018597088464431,0.7905335176284459,0.7985276695413908,0.8057448026863534,0.8176354751857963,0.8232003007741384,0.8303237345970798,0.8235705273635887
150,0.800571914505979,0.7998943084333122,0.7995880716247548,-0.013486652540985262,-0.3608460367194102,-0.8869014547391669,-1.5128106404925705,-0.9494354681164991,-0.2382918942140993,-0.2482765853826688,-0.03130552117026794,0.1962467103825944
151,0.34262627248077343,0.4713250663441474,0.5673120230324248,0.00754541722883479,-0.44224332336416566,-0.8279028767561529,-1.381844127149195,-0.8305602482948042,-0.14300425441700593,-0.2144259912904623,0.3442162226488712,0.4548476977642928
152,0.5339515691526857,0.5981710948679002,0.6567080322887601,0.2711764584585581,-0.5126526504899278,-0.9700287508173412,-1.6476393941826801,-0.9337374036539439,-0.4189040030124576,-0.26299194963865835,-0.05632324014997248,0.16392272963454102
153,0.321469801855517,0.44305300993618857,0.5313451954721258,0.32206204636411223,-0.39939530900859055,-0.8107627568741959,-1.3755365630326348,-0.8708971534680541,-0.3960906938953491,-0.17726621138637944,0.3450480898004755,0.45215555626816667
154,0.5453271760638623,0.6037542032507831,0.6420452310670751,-0.11630680368886948,-0.4578019815183475,-0.8273292540774367,-1.2158546355136874,-0.8100383011405184,-0.13186089114441624,-0.29856569711633085,0.17877521484958622,0.3237669169550376
155,0.45719357116821013,0.5518607762961699,0.6108593542791837,0.6627185009940331,0.6979974384097359,0.7262132452357352,0.735360614403085,0.7519408237022316,0.7769494012846656,0.7813705931836932,0.7724061268412881,0.7726643713141762
156,0.7715122287796348,0.7768442752160564,0.7848887048139879,0.7878870831186717,0.7811932949674378,0.7845984654506534,0.7860016699316565,0.7905449443750339,0.7914156624650375,0.7924486403565898,0.7872631827549685,0.7940506702282237
157,0.7867186166604333,0.7899073319154253,0.7956298466066813,-0.059593575023449946,-0.41183217999493843,-0.7683192493478349,-1.4833844826792266,-0.8223220537225878,-0.3031409664501546,-0.1334286407762859,0.19165315825422993,0.35434489082444903
158,0.47434981406403415,0.5620282954101468,0.624269784074827,0.005682857534995457,-0.38066001530295257,-0.9048917245672691,-1.4583964732406507,-0.8757398086720364,-0.34570559749034807,-0.17473861504111995,0.10496757328856128,0.2869156592088299
159,0.4263895109555938,0.5246965429699147,0.6077055722209036,-0.26343073670763645,-1.0217416351758644,-1.2938193274834164,-1.5832199676183327,-1.213964651628037,-0.5253911875861983,-0.3836926738474002,-0.07614407478146773,0.16051755915132543
160,0.33387518022599416,0.4605976366473599,0.5644324828922559,0.13336532390898784,-0.7297882598531953,-1.0075861815026856,-1.6254737911513335,-0.9660316748608687,-0.38239002473637157,-0.10631525647234732,0.16072838262587352,0.33282910882932865
161,0.46792574735973413,0.5587351070434934,0.5855993882718141,-0.27083983919527715,-0.3347267793686252,-0.926449424680136,-1.1271350896553598,-0.6943699161291191,-0.12743874021487125,0.18606090847407677,0.5330317832685105,0.641590446552874
162,0.6841716400971879,0.7118603673702629,0.7297900754414488,0.7437341343027503,0.7584792080998687,0.7711400433193407,0.780635669733945,0.7867626912544152,0.7992841201655144,0.8098012977250835,0.8078016170721884,0.8096413232728519
163,0.8102335936338149,0.8123448915155659,0.8119129604945405,0.8193197776328637,0.8214680059914021,0.8266423774513819,0.8284794576977814,0.8290462243285448,0.8313292882968215,0.8306322567549552,0.8299443666103593,0.8268545743329718
164,0.8240824456107299,0.8218816542178865,0.748629352541037,-0.32840778850547697,-0.45668901640067905,-0.7681370743593752,-1.5052141393608873,-0.8250157663963696,-0.3209849739219307,-0.1894151283587106,0.5008367343111246,0.5670354957649957
165,0.6243169602143116,0.6646319913298074,0.6521007680644901,0.38851086312248345,-0.31068261919821577,-0.9241617900132238,-1.4054857393612339,-0.7983418833330709,-0.44483262414099994,-0.06215545160847313,0.3824889676706226,0.4780279958926515
166,0.5637421316022411,0.618997483199137,0.6257164101928642,0.30220007544490046,-0.3412537370196745,-0.9481808113411397,-1.4722136952148257,-0.9145930324204568,-0.24127427507355995,-0.1594222039146033,0.06494882138816796,0.2553160321699307
167,0.4092572642276044,0.5138965534322937,0.5787296282231258,0.328636996350831,-0.8728945487716316,-1.2011232738124749,-1.4541000165235733,-1.0608168642865654,-0.3245432628094251,-0.31151677169913783,-0.2558294571182889,0.014017363257024849
168,0.2322269235603248,0.3873453349705104,0.46775306536074757,0.5092961452559764,-0.12843743786665998,-0.7766287794666077,-1.1781520239319623,-0.6107809794887907,-0.08385941407766598,0.14677722285776384,0.2982304236802391,0.4210196055730594
169,0.5233383108986974,0.5958788895023532,0.6451624475362738,0.6845618697715993,0.708299793133451,0.9726324366036758,1.1646406302199943,1.1099430796526928,1.056648733566394,0.9829713569164723,0.9198043017781664,0.877639606868552
170,0.8471235006699527,0.8284771723484635,0.8157546326974162,0.8023876245388075,0.797209022985139,0.8002439668789042,0.810895980048211,0.8100344033554778,0.8120660788988191,0.8094836341699376,0.8059984764606064,0.8121963438099222
171,0.8083582628702596,0.8034000342865018,0.6866209695067516,-0.7044734454622037,-0.9761649137350819,-1.2095562127943977,-1.4553958095866493,-0.8318953820139902,-0.03386739775529114,-0.36525676090236725,-0.1855757415051521,0.06925937109270366
172,0.2780689087611854,0.4193242279716071,0.49329412933418126,0.3724677109129717,-0.7057760945732324,-1.1845613473078689,-1.4140926913697682,-0.7179204408469283,-0.37726627156632503,-0.3325556975169106,0.09081440496469995,0.26521169673963696
173,0.4113251788815533,0.5116066334160642,0.549573141629258,-0.38953631205248884,-0.8870362903489049,-1.2355795578604736,-1.2789691276176889,-0.7654694187487949,-0.3734337407607194,-0.3555485970012267,-0.1562821339522287,0.0736674290347901
174,0.26695688742209417,0.4041860740918627,0.4185997722379299,0.34064668281089033,-0.7379058206292903,-1.0961640357033222,-1.339114950958135,-0.9530234665451222,-0.32060365666667445,-0.054904038223746406,0.2087727099923287,0.3449246809373254
175,0.4642391775457093,0.5418806558262356,0.44375232682737237,-0.6156556295832195,-0.2514143699957257,-0.5740965522427676,-1.216524814201072,-0.600501478258252,-0.06758315623775951,0.1416565712332199,0.2996359135105596,0.4211913583640817
176,0.5246726284216986,0.5967290394484983,0.6478385915871768,0.6824159267623782,0.7048649131091068,0.7846418870876881,0.7901518642924077,0.4002141369778837,0.4964570527897317,0.5738824023205082,0.6321382417753041,0.6747074435141327
177,0.7080691235347464,0.7344259065321889,0.7511066712013096,0.7631824569954775,0.7769265477914896,0.7834169398534574,0.7956138491614579,0.7947659845646304,0.8044718631164535,0.8103520669106237,0.802931537676395,0.7983379855480306
178,0.8012849434930682,0.8135972629416073,0.8201950664215016,0.8183507895222033,0.810612596732829,0.8091613999161569,0.8213263143337115,0.8216074122997755,0.8162329236617415,0.8109211188907046,0.8145616803536321,0.8153204163270733
179,0.8190318236188463,0.8220439140194358,0.7100777949025391,0.12352460974742682,-1.0700150688114085,-1.3439553208127997,-1.355224378297857,-0.8002044430269103,-0.09859306112819624,-0.16356325687808407,-0.006173534724683714,0.21093693579609044
180,0.37283653113361104,0.4900329358579742,0.5333563028716088,0.19008540862236026,-0.6136513782316894,-1.4316670276220682,-1.5713407218654778,-1.0325764762905791,-0.5036735130210999,-0.2976995497249627,-0.07930699823701817,0.1646494707175359
181,0.3461879893922441,0.47248830914680295,0.5630658440003344,0.4037587137694725,-0.9898724389420124,-1.4293839636537915,-1.6322041448916487,-1.0378670599608097,-0.47539002986655293,-0.3070671965777816,0.03913049557073901,0.2373139479020527
182,0.3985680325122681,0.5083180157480459,0.5791729859907391,0.4201652365204819,-0.41496082321072514,-1.0463963100925455,-1.3325354302727812,-0.7606199074968598,-0.40323241051283126,-0.04718641357823056,0.23720474085251908,0.3883348912250288
183,0.5031410465867471,0.5841756156469529,0.6365946729446128,0.6787402540235711,0.7054872716821222,0.7264797469549132,0.7496851839257658,0.7626362585085724,0.7707035415996804,0.7794884243765129,0.7778018365801282,0.7873066043920027
184,0.7863671625832344,0.7851972269718631,0.78390828995674,0.7889109196129539,0.7851926562732279,0.7870300771245737,0.7948116915509825,0.8014803408597226,0.8027201428645175,0.8013386492020319,0.8046295522193676,0.7951956302363385
185,0.7992562062559926,0.800243966878904,0.8036628494580251,-0.5553772559823529,-0.9825810523491322,-1.4747801424984843,-1.6847763205935873,-1.2513986734502314,-0.5876509590454192,-0.008317192384587085,0.4417640729210654,0.5147535594263914
186,0.5817283330062833,0.6245988743765604,0.6584334710235439,0.0282232578544279,-0.8074901366514009,-1.2402781636708176,-1.7190451336109134,-1.2913945718574484,-0.5959650598628271,-0.30021784143371455,0.07283556188318568,0.2602227791793287
187,0.4107211937047605,0.5127470227255437,0.5872882614175163,-0.1669974839454803,-0.8933027181777486,-1.433227921205985,-1.6105001824224554,-1.222127919390484,-0.780356184203604,-0.46882422127710466,-0.15386423437421393,0.09180167586990065
188,0.2806369884372136,0.4150437686997531,0.5149043924813527,-0.13286873019347525,-0.7666212348048624,-1.3814030547308995,-1.5775065943243474,-1.289945660390094,-0.8221917888114848,-0.268412798219992,0.08424859637525156,0.25734552438847746
189,0.3980015923599787,0.493870037362215,0.554022716750614,-0.16187209838306427,-0.6586590476923909,-1.0834186425590993,-1.495087756534627,-1.1124151547007353,-0.6835099361719112,-0.46796721528300683,0.1446663762844915,0.3130486286555204
190,0.44224285360310134,0.5300196928679213,0.5961485607218293,0.6407128724149178,0.6718576129150926,0.6955426467641657,0.7184581708501574,0.7306710776033815,0.7487756148973631,0.7496874692750836,0.7496577597339549,0.7573456748383416
191,0.7603007947452282,0.7614958691990932,0.7695860057833767,0.7686307297686222,0.7742458330419515,0.7721981600533872,0.7782314822518359,0.7875717049128438,0.7843013700393663,0.7730574513968023,0.785249790006168,0.78063109903531
192,0.7812437484485266,0.7886206802496195,0.7863261895347547,-0.7031890791457157,-1.2104246455350833,-1.3731003806600794,-1.8839993620055508,-1.4553661000455207,-0.9118963202256957,-0.34912578598336486,0.13124223439294275,0.3060691718395875
193,0.44225640245977,0.53574906360713,0.600735256802241,-0.28726007404219206,-1.3895160448083594,-1.5504983360890179,-1.8614178253984022,-1.1161585568829546,-0.8543192295182253,0.05552632615172669,0.4903414580158494,0.580907566122793
194,0.6649607802667958,0.724262958116847,0.8752696996262066,0.11548932154676551,-0.9644271964006808,-1.23240056457307,-1.607616071583652,-1.1731706122849024,-0.15732196789173397,0.5267333605492207,0.8489539022341086,0.8407243593414514
195,0.8409708505892779,0.8408020612182499,0.7012540611873078,0.3088093056713829,-0.6903705548233292,-1.1237002096310158,-0.943004495136789,-0.8347840635514294,-0.28861300083820773,-0.039608195241087926,0.3277720795321722,0.47952408349949077
196,0.6078092291363804,0.6985779171364049,0.8272453690662805,0.11810376116609318,-0.5963672813427237,-1.1051477438707855,-1.0982619863768739,-0.7850182968114965,-0.4879480243667337,-0.0777780995435475,0.40932582470713225,0.5511546033570331
197,0.6661465249704246,0.7460012008258038,0.8001274140637067,0.8413756838969659,0.8666630740961465,0.8776418922178695,0.8904901260813843,0.8941009780031834,0.900632506352868,0.9131630766612372,0.9118672835981613,0.9178069064745888
198,0.9226278508600542,0.9208669892108479,0.9235774135015147,0.9264615243403187,0.9372438024207281,0.934016889184285,0.9303260500363701,0.9283172279862049,0.9349058900688294,0.9344808150957569,0.9323257306892656,0.9295924529054227
199,0.9327062413506451,0.9331918780806338,0.9909495113841938,-0.35642388578986517,-1.1162819657461047,-1.148427689247386,-1.4128334638957738,-1.1045649797947992,-0.511676806331315,0.04620667163457739,0.5502770292190771,0.6368689148627242
200,0.7132837884029214,0.7648187671068751,0.8199825289349658,-0.016587871564960804,-0.8525915054341241,-1.4530761800292915,-1.6324966696043006,-1.202976692109044,-0.5331133829303493,-0.029324123311913655,0.49103620420839805,0.6028583463182863
201,0.699991405689337,0.7657123386900545,0.783711749915427,0.6330181012625777,-0.6070764282449707,-1.0658534477040695,-1.4861131897644342,-0.9158796840862623,-0.3622355291045075,-0.013724328870015196,0.330625250257138,0.4928781957583791
202,0.6276630380937435,0.7185815797133076,0.7847058768685805,-0.026158914507045647,-1.047847180430744,-1.2961275302941868,-1.5095174521259174,-1.174581226837935,-0.3710052306323016,0.2236594754471378,0.6708657713112566,0.7261323738586392
203,0.7840457373942697,0.8214222990050501,0.8586574954366137,0.05765855706504217,-0.47081476053272936,-1.0727254931020755,-1.1909900349382618,-0.9719073079564038,-0.34064583410119453,0.22908718007642417,0.5022915495975498,0.6330275691383223
204,0.7204170416938099,0.7793650155133628,0.8235225350279194,0.8553643070699606,0.8796872798571164,0.8932439720090856,0.9028538658895694,0.910781742672304,0.9188970180990812,0.9197540240931791,0.930074661611435,0.9324697076962739
205,0.9304227302488062,0.9403449175651893,0.9455739006833593,0.9490247781529266,0.9477472678843915,0.9408592250411624,0.9442141178393908,0.9444975011547726,0.9481814842547345,0.946906259335517,0.9493150175162614,0.9496052568795958
206,0.9566702510557016,0.9622889455922443,1.029190261515499,-0.1938441353362083,-0.49622784494437777,-1.0195042781939399,-1.3171230344749252,-1.010863372424116,-0.6533593226248898,-0.10472465334730172,0.17781308278687896,0.35086535859036116
207,0.48760001827015803,0.5799774289505323,0.7425503233562365,-0.06459163398102857,-0.7994754165945976,-1.2408625601391736,-1.708064030139873,-1.367825794435072,-0.8026406253994658,-0.04001270207030223,0.21917155580001546,0.37959571543454823
208,0.5102865177066795,0.6011603317753136,0.7044261260401288,-0.1974481312100544,-1.0208960559283549,-1.6816339652818955,-1.7103493794574673,-1.3962463985486744,-0.8680267547251558,-0.05342770256458072,0.3761859742526976,0.4967163520392279
209,0.5946777751967204,0.6638840291460062,0.6506038642614657,-0.8530120097085615,-1.053000643141919,-1.3873860992443614,-1.6469172237983207,-1.1104291861437459,-0.3496890621751495,0.29536231028665827,0.44532693250719485,0.5530207543140858
210,0.6354875844394754,0.6929879527055693,0.7372665957339585,-0.73947357026116,-1.0784182982522028,-1.3616782047707434,-1.5824506210944884,-1.4746613043339694,-1.1187204334679781,-0.06603140405111298,0.3610409643250003,0.5050391924342461
211,0.6071761873754066,0.6754524673916684,0.7227157766288357,0.7612810463632391,0.78796478499547,0.8088460217103288,0.8304791383506764,0.8410763031363611,0.8469089839076679,0.8504576620850853,0.854351897322266,0.8545023787850244
212,0.8562485740166322,0.8589225959574545,0.8621929308309318,0.8635984206612524,0.8599624298969603,0.8589431641013131,0.8621837894336619,0.8654815484989504,0.865191309135616,0.8620443831252886,0.8596082007527333,0.8605160118201222
213,0.8616033107069929,0.8630430807770774,0.8931936943240986,-0.5889307546632719,-1.390233644494084,-1.6769078628931102,-1.6099174183464693,-1.2496755200647653,-1.2722387738773737,-0.8339933326875419,-0.30468814793816595,0.02818295031976035
214,0.28460092682858074,0.4530399864540756,0.6617266593901971,-0.22272180931332952,-1.2478221017681963,-1.5980564553881549,-1.886611516275561,-1.4510970675202546,-0.7030656702825655,-0.06187206829309145,0.18234721583298605,0.36735696665442547
215,0.5112421201999079,0.6101623227373174,0.6794335459029177,-0.2816975338031675,-1.430394088052168,-1.7996105531040647,-1.897460069486181,-1.5080662553092448,-0.8677502274577267,-0.33155242916648675,0.07185057632730255,0.28983568267976734
216,0.46131931731400877,0.5782862704555125,0.7022801830309077,-1.10914253447794,-1.5692130616507975,-1.662770692014472,-1.9343021858351188,-1.5830622785154185,-1.2319800602986328,-1.2606886184262525,-0.6430935334902564,-0.22057537658639761
217,0.10121682534067827,0.3254923556898212,0.4846235140232285,0.7174000541161114,-1.4491088136139478,-0.6740714434902471,0.2806332339347632,-0.24685281275780757,-0.051064651370188,0.1913514921443075,0.3731830252493787,0.508475541611723
218,0.617753273734944,0.6911368197583181,0.7415333429099071,0.7771527973739314,0.8048443750552212,0.8236436585417516,0.8393462937029423,0.8459715213746479,0.853641153684494,0.8466114191835743,0.8496303656321162,0.8536385418567025
219,0.8587802513428161,0.8662082895819454,0.8685870117430872,0.8671841337405581,0.8631870577840859,0.8651890237862985,0.8641811847372394,0.8667522027195329,0.8661854360887694,0.8633241787431415,0.8611828064325557,0.8613509428466357
220,0.8621712200124151,0.8636167034557934,0.8660414590817611,0.8646131157582646,0.43019106397676793,0.27921631735785474,0.0075225637356589,0.060238716444606086,-0.18773996730891387,0.044382962879137,0.27006806403952477,0.43778266793134224
221,0.5683528364073519,0.6622842846236902,0.7720435724959755,-1.09125347297676,-1.4210995723775122,-1.3998161141827568,-1.2735414229884023,-1.0103080325399405,-0.4349599150889928,0.11650630199309484,0.2916279082369849,0.44515378368830893
222,0.5661995476324672,0.6571353926111503,0.7829872941817496,-0.3317055475707655,-1.1416996208563885,-1.1260152684897387,-1.0180416546306794,-1.0925737519253818,-0.2914165970625918,0.1818215854899393,0.3246422057436762,0.45545951842446014
223,0.5794699181627893,0.6634155325358994,0.7779709524296301,-0.17484602645904707,-0.9170223587450596,-1.1904164122595458,-1.1728535027538334,-1.1722684533285295,-0.3436876340429123,0.16693710538444784,0.33043785161309547,0.4531319717641088
224,0.5521986815166998,0.6193197174529177,0.7581341203529117,0.16239840163970548,-0.9191934405967743,-1.3056734343937781,-1.6917649188067907,-1.1512592370518855,-0.29041614144978967,0.14771274692484457,0.28703906807198,0.41707772959241196
225,0.5139582578638687,0.5865653292500507,0.6362724386908322,0.6798935540727018,0.7103200419302043,0.742362924712194,0.7670975460451812,0.7800734738018167,0.7913562433827797,0.8022619303263397,0.8049677839183714,0.8109390752067714
226,0.8126697375971382,0.8167327622053469,0.8181633908781609,0.8192946387903701,0.8260295632293204,0.8323645515376918,0.8436427504200195,0.8567126631673413,0.8620375270773358,0.8636212741544288,0.8611759503846028,0.8574554016955594
227,0.8524413452927576,0.8578621938740913,0.8581935695251424,-0.44470921527785,-1.2095562127943977,-1.560051096236562,-1.5577314666792044,-1.368223445216333,-0.7074375435271235,0.01956178394074542,0.36690974137258237,0.47775261129988145
228,0.5644432064544385,0.623105310699462,0.7079021423521894,-0.4055223305290607,-1.4749309755534457,-1.616107726463427,-1.8404428893615217,-1.517788131306291,-1.051284345804406,-0.2968493997788176,0.09821665140438783,0.27707265969795125
229,0.40228694880894184,0.49459220774657475,0.6010072133710347,-0.6136227234671688,-1.3565927312017667,-1.7168831931564694,-1.814152230811917,-1.6079756876226987,-1.228396632568645,-0.5126595065378805,0.017674085404412627,0.22072280157402913
230,0.37932098379872603,0.49199279869391266,0.579872302881923,-0.5377777808875595,-1.7251858672272895,-1.8538716019517056,-1.9018685083198208,-1.5838073023929544,-1.0878796444270433,-0.14629515743434168,0.21575445215757927,0.37776319176031153
